,action 2
0,6.0
1,2.05
2,2.51
3,1.51
4,2.73
5,2.31
6,0.61
7,1.18
8,1.04
9,1.22
10,1.57
11,1.36
12,1.57
13,4.93
14,5.48
15,1.88
16,1.85
17,2.65
18,2.79
19,6.82
20,3.5
21,1.14
22,2.46
23,2.98
24,3.14
25,2.39
26,2.42
27,1.87
28,2.6
29,1.84
30,1.84
31,3.72
32,4.44
33,2.1
34,0.94
35,1.18
36,1.2
37,1.13
38,1.13
39,1.27
40,1.52
41,1.1
42,1.94
43,1.46
44,2.89
45,1.89
46,1.35
47,1.87
48,2.39
49,2.02
50,4.3
51,2.16
52,1.68
53,3.02
54,2.14
55,2.95
56,2.77
57,2.31
58,2.33
59,1.54
60,3.02
61,2.58
62,1.41
63,1.74
64,1.95
65,2.8
66,5.56
67,2.46
68,2.18
69,2.56
70,1.52
71,2.28
72,3.32
73,2.0
74,1.78
75,1.27
76,2.55
77,2.58
78,2.03
79,2.49
80,2.78
81,3.33
82,1.88
83,1.63
84,1.66
85,1.62
86,2.03
87,1.33
88,2.78
89,4.81
90,2.33
91,1.43
92,2.02
93,1.38
94,1.03
95,1.0
96,1.35
97,1.65
98,1.39
99,0.96
100,1.58
101,2.0
102,1.7
103,1.42
104,3.73
105,1.69
106,1.68
107,1.54
108,4.37
109,1.46
110,1.03
111,1.29
112,0.71
113,1.13
114,0.7
115,0.63
116,0.77
117,1.03
118,0.99
119,2.46
120,0.85
121,1.66
122,0.77
123,4.56
124,2.08
125,1.03
126,0.38
127,0.73
128,0.81
129,1.17
130,0.42
131,2.55
132,1.37
133,0.67
134,6.4
135,4.12
136,0.31
137,0.17
138,0.25
139,0.43
140,0.8
141,0.5
142,0.29
143,0.28
144,0.2
145,0.34
146,0.36
147,0.25
148,0.76
149,0.49
150,0.41
151,0.65
152,0.58
153,0.46
154,0.68
155,0.69
156,0.55
157,0.53
158,0.59
159,0.76
160,0.63
161,0.56
162,0.44
163,0.35
164,0.19
165,0.32
166,0.49
167,0.22
168,0.31
169,0.11
170,0.15
171,0.26
172,0.26
173,0.21
174,0.24
175,0.7
176,1.11
177,0.47
178,0.5
179,0.56
180,0.23
181,0.24
182,0.49
183,0.37
184,0.15
185,0.32
186,0.28
187,0.13
188,0.06
189,0.09
190,0.04
191,0.03
192,0.25
193,0.45
194,0.11
195,0.38
196,0.39
197,0.37
198,0.4
199,0.12
200,0.19
201,0.41
202,0.55
203,0.5
204,0.46
205,0.65
206,0.48
207,0.48
208,0.18
209,0.1
210,0.09
211,0.09
212,0.15
213,0.03
214,0.0
215,0.22
216,0.26
217,0.1
218,0.33
219,0.08
220,0.07
221,0.14
222,0.12
223,0.26
224,0.22
225,0.24
226,0.38
227,0.51
228,0.41
229,0.2
230,0.12
231,0.22
232,0.06
233,0.2
234,0.51
235,0.66
236,0.44
237,0.41
238,0.36
239,0.38
240,0.63
241,0.53
242,0.47
243,0.41
244,0.21
245,0.43
246,0.08
247,0.1
248,0.14
249,0.51
250,0.55
251,0.36
252,0.11
253,0.18
254,0.28
255,0.57
256,0.46
257,0.16
258,0.31
259,0.31
260,0.33
261,0.14
262,0.14
263,0.36
264,0.25
265,0.41
266,0.48
267,0.54
268,0.55
269,0.31
270,0.3
271,0.14
272,0.41
273,0.48
274,0.59
275,0.37
276,0.15
277,0.18
278,0.3
279,0.49
280,0.24
281,0.43
282,0.52
283,0.38
284,0.17
285,0.72
286,0.46
287,0.46
288,0.23
289,0.61
290,0.56
291,0.29
292,0.35
293,0.55
294,0.01
295,0.07
296,0.02
297,0.11
298,0.17
299,0.18
300,0.16
301,0.11
302,0.18
303,0.26
304,0.07
305,0.21
306,0.11
307,0.03
308,0.03
309,0.18
310,0.24
311,0.05
312,0.23
313,0.31
314,0.19
315,0.35
316,0.31
317,0.36
318,0.49
319,0.35
320,0.39
321,0.42
322,0.64
323,0.63
324,0.19
325,0.16
326,0.09
327,0.13
328,0.01
329,0.34
330,0.69
331,0.42
332,0.22
333,0.37
334,0.4
335,0.17
336,0.08
337,0.08
338,0.24
339,0.35
340,0.42
341,0.47
342,0.16
343,0.24
344,0.18
345,0.12
346,0.27
347,0.21
348,0.07
349,0.48
350,0.44
351,0.36
352,0.41
353,0.38
354,0.34
355,0.34
356,0.24
357,0.41
358,0.4
359,0.43
360,0.46
361,0.29
362,0.58
363,0.74
364,0.27
365,0.27
366,0.61
367,0.32
368,0.22
369,0.23
370,0.1
371,0.14
372,0.47
373,0.34
374,0.19
375,0.33
376,0.37
377,0.55
378,0.54
379,0.48
380,0.12
381,0.09
382,0.05
383,0.14
384,0.25
385,0.38
386,0.63
387,0.44
388,0.38
389,0.34
390,0.31
391,0.49
392,0.68
393,0.5
394,0.44
395,0.34
396,0.49
397,0.7
398,0.85
399,0.89
400,0.66
401,0.26
402,0.37
403,1.23
404,0.8
405,0.53
406,0.52
407,0.78
408,0.24
409,0.66
410,0.28
411,0.35
412,0.3
413,0.75
414,0.52
415,0.58
416,0.87
417,0.84
418,0.56
419,0.68
420,0.35
421,0.23
422,0.36
423,0.53
424,0.43
425,0.29
426,0.31
427,0.41
428,0.4
429,0.15
430,0.01
431,0.17
432,0.78
433,0.41
434,0.03
435,0.04
436,0.0
437,0.05
438,0.03
439,0.03
440,0.32
441,0.24
442,0.02
443,0.06
444,0.06
445,0.06
446,0.03
447,0.05
448,0.0
449,0.03
450,0.0
451,0.33
452,0.08
453,0.21
454,0.1
455,0.12
456,0.07
457,0.27
458,0.53
459,0.29
460,0.58
461,0.75
462,0.67
463,0.63
464,1.02
465,0.98
466,0.7
467,0.36
468,0.42
469,0.34
470,0.2
471,0.51
472,0.27
473,0.15
474,0.06
475,0.05
476,0.36
477,0.22
478,0.13
479,0.32
480,0.33
481,0.43
482,0.71
483,0.37
484,0.41
485,0.45
486,0.12
487,0.01
488,0.27
489,0.6
490,0.48
491,0.68
492,0.67
493,0.48
494,0.35
495,0.62
496,0.66
497,0.44
498,0.79
499,0.37
500,0.15
501,0.73
502,0.82
503,0.69
504,0.91
505,0.82
506,0.5
507,0.41
508,1.08
509,1.46
510,1.59
511,0.72
512,0.51
513,0.68
514,0.76
515,0.87
516,0.71
517,0.43
518,0.84
519,1.32
520,1.37
521,1.07
522,1.16
523,0.71
524,0.63
525,0.51
526,0.64
527,0.44
528,0.5
529,0.56
530,0.34
531,0.39
532,0.56
533,0.39
534,0.56
535,0.34
536,0.2
537,0.39
538,0.2
539,0.35
540,0.76
541,0.8
542,1.05
543,0.58
544,0.4
545,0.22
546,0.06
547,0.05
548,0.31
549,0.58
550,0.56
551,0.56
552,0.94
553,0.28
554,0.14
555,0.21
556,0.12
557,0.06
558,0.06
559,0.06
560,0.13
561,0.44
562,0.29
563,0.1
564,0.01
565,0.64
566,0.21
567,0.28
568,0.18
569,0.07
570,0.1
571,0.19
572,0.16
573,0.48
574,0.74
575,0.69
576,1.12
577,0.97
578,0.83
579,0.85
580,0.66
581,0.79
582,0.27
583,0.74
584,0.92
585,0.56
586,0.69
587,0.75
588,0.81
589,0.55
590,0.46
591,0.44
592,0.46
593,0.45
594,0.44
595,0.31
596,0.22
597,0.64
598,0.22
599,0.32
600,0.25
601,0.31
602,0.3
603,0.36
604,0.43
605,0.36
606,0.33
607,1.08
608,0.34
609,0.58
610,0.56
611,0.33
612,0.3
613,0.48
614,0.51
615,0.36
616,0.45
617,0.61
618,0.78
619,0.53
620,0.9
621,1.5
622,1.35
623,1.18
624,0.94
625,0.67
626,0.55
627,0.41
628,0.19
629,0.75
630,0.69
631,0.13
632,0.19
633,0.18
634,0.18
635,0.5
636,0.31
637,0.47
638,0.67
639,0.81
640,0.8
641,0.77
642,0.77
643,0.74
644,0.47
645,0.47
646,0.59
647,0.72
648,0.33
649,0.85
650,0.48
651,0.23
652,0.48
653,0.36
654,0.45
655,0.78
656,0.71
657,0.68
658,0.62
659,0.48
660,0.32
661,0.55
662,0.39
663,0.47
664,0.63
665,0.37
666,0.26
667,0.22
668,0.58
669,0.59
670,0.21
671,0.07
672,0.1
673,0.22
674,0.23
675,0.13
676,0.18
677,0.27
678,0.27
679,0.23
680,0.23
681,0.11
682,0.13
683,0.24
684,0.2
685,0.17
686,0.18
687,0.15
688,0.33
689,0.77
690,0.56
691,0.59
692,0.51
693,0.63
694,0.83
695,0.69
696,0.44
697,0.23
698,0.34
699,0.37
700,0.28
701,0.32
702,0.35
703,0.29
704,0.16
705,0.4
706,0.61
707,0.7
708,0.48
709,0.4
710,0.5
711,0.77
712,0.49
713,1.08
714,0.6
715,0.31
716,0.42
717,0.39
718,0.73
719,0.74
720,0.7
721,0.66
722,0.62
723,0.99
724,0.63
725,0.53
726,0.37
727,0.64
728,0.59
729,0.65
730,0.54
731,0.31
732,0.12
733,0.19
734,0.08
735,0.23
736,0.44
737,0.26
738,0.13
739,0.33
740,0.47
741,0.47
742,0.29
743,0.37
744,0.48
745,0.35
746,0.42
747,0.47
748,0.3
749,0.14
750,0.32
751,0.67
752,0.52
753,0.55
754,0.3
755,0.27
756,0.39
757,0.42
758,0.46
759,0.29
760,0.49
761,0.61
762,0.72
763,0.58
764,0.51
765,0.77
766,0.65
767,0.39
768,0.47
769,0.41
770,0.54
771,0.52
772,0.56
773,0.42
774,0.51
775,0.39
776,0.05
777,0.18
778,0.37
779,0.57
780,0.84
781,0.41
782,0.34
783,0.85
784,0.33
785,0.26
786,0.33
787,0.58
788,0.31
789,0.21
790,0.24
791,0.17
792,0.15
793,0.15
794,0.25
795,0.42
796,0.37
797,0.25
798,0.55
799,0.14
800,0.23
801,0.11
802,0.18
803,0.24
804,0.11
805,0.35
806,0.85
807,0.63
808,0.37
809,0.84
810,0.51
811,0.35
812,0.44
813,0.16
814,0.16
815,0.07
816,0.15
817,0.21
818,0.08
819,0.2
820,0.19
821,0.13
822,0.36
823,1.04
824,0.65
825,0.75
826,1.67
827,0.46
828,0.89
829,0.23
830,0.13
831,0.13
832,0.14
833,0.11
834,0.1
835,0.08
836,0.23
837,0.14
838,0.11
839,0.46
840,0.4
841,0.33
842,0.32
843,0.4
844,0.3
845,0.53
846,0.41
847,0.07
848,0.41
849,0.36
850,0.41
851,0.55
852,0.47
853,0.22
854,0.2
855,0.66
856,0.89
857,0.59
858,0.82
859,0.83
860,0.99
861,0.78
862,0.81
863,0.91
864,1.3
865,1.26
866,1.29
867,1.02
868,0.79
869,1.28
870,1.1
871,1.01
872,0.95
873,0.91
874,0.69
875,0.65
876,0.65
877,0.66
878,0.54
879,0.38
880,0.56
881,0.66
882,0.89
883,0.43
884,0.28
885,0.3
886,0.11
887,0.17
888,0.31
889,0.29
890,0.24
891,0.38
892,0.28
893,0.16
894,0.63
895,0.39
896,0.31
897,0.53
898,0.65
899,0.36
900,0.19
901,0.28
902,0.19
903,0.2
904,0.41
905,0.39
906,1.09
907,0.93
908,0.84
909,1.05
910,0.75
911,0.72
912,0.92
913,0.94
914,0.68
915,0.81
916,0.48
917,0.18
918,0.32
919,0.33
920,0.25
921,0.46
922,0.24
923,0.19
924,0.31
925,0.3
926,0.39
927,0.66
928,0.19
929,0.46
930,0.49
931,0.84
932,0.79
933,0.52
934,0.48
935,0.33
936,0.29
937,0.22
938,0.19
939,0.3
940,0.23
941,0.28
942,0.27
943,0.26
944,0.49
945,0.36
946,0.13
947,0.16
948,0.07
949,0.0
950,0.01
951,0.05
952,0.07
953,0.43
954,0.5
955,0.36
956,0.25
957,0.34
958,0.44
959,0.39
960,0.52
961,0.54
962,0.61
963,0.52
964,0.34
965,0.59
966,0.42
967,0.6
968,0.54
969,0.38
970,0.1
971,0.44
972,0.11
973,0.07
974,0.17
975,0.11
976,0.08
977,0.45
978,0.27
979,0.29
980,0.71
981,0.66
982,0.38
983,0.45
984,0.24
985,0.37
986,0.21
987,0.32
988,0.42
989,0.16
990,0.34
991,0.15
992,0.09
993,0.12
994,0.16
995,0.26
996,0.5
997,0.61
998,0.78
999,0.57
1000,0.9
1001,0.5
1002,0.68
1003,0.64
1004,0.57
1005,0.83
1006,0.62
1007,0.54
1008,0.36
1009,0.46
1010,0.48
1011,0.36
1012,0.33
1013,0.51
1014,0.47
1015,0.33
1016,0.29
1017,0.45
1018,0.11
1019,0.23
1020,0.27
1021,0.54
1022,0.38
1023,0.51
1024,0.59
1025,0.48
1026,0.45
1027,0.53
1028,0.57
1029,0.52
1030,0.5
1031,0.78
1032,0.46
1033,0.15
1034,0.15
1035,0.15
1036,0.19
1037,0.2
1038,0.38
1039,0.45
1040,0.35
1041,0.46
1042,0.54
1043,0.45
1044,0.4
1045,0.43
1046,0.14
1047,0.3
1048,0.31
1049,0.22
1050,0.22
1051,0.25
1052,0.42
1053,0.24
1054,0.38
1055,0.55
1056,0.81
1057,0.68
1058,0.28
1059,0.35
1060,0.46
1061,0.19
1062,0.0
1063,0.06
1064,0.51
1065,0.28
1066,0.04
1067,0.0
1068,0.09
1069,0.13
1070,0.17
1071,0.11
1072,0.22
1073,0.16
1074,0.09
1075,0.26
1076,0.3
1077,0.2
1078,0.01
1079,0.34
1080,0.28
1081,0.5
1082,0.38
1083,0.35
1084,0.37
1085,0.26
1086,0.58
1087,0.84
1088,0.93
1089,1.06
1090,0.7
1091,0.21
1092,0.37
1093,0.1
1094,0.19
1095,0.04
1096,0.06
1097,0.21
1098,0.12
1099,0.07
1100,0.86
1101,0.78
1102,0.72
1103,0.72
1104,0.86
1105,0.82
1106,0.06
1107,0.11
1108,0.15
1109,0.09
1110,0.06
1111,0.1
1112,0.08
1113,0.15
1114,0.21
1115,0.31
1116,0.43
1117,0.12
1118,0.53
1119,0.51
1120,0.41
1121,0.6
1122,0.3
1123,0.39
1124,0.12
1125,0.12
1126,0.17
1127,0.24
1128,0.1
1129,0.25
1130,0.1
1131,0.14
1132,0.15
1133,0.2
1134,0.14
1135,0.16
1136,0.26
1137,0.07
1138,0.2
1139,0.38
1140,0.37
1141,0.31
1142,0.3
1143,0.56
1144,0.56
1145,0.28
1146,0.49
1147,0.37
1148,0.44
1149,0.59
1150,0.41
1151,0.33
1152,0.5
1153,0.36
1154,0.28
1155,0.15
1156,0.16
1157,0.25
1158,0.11
1159,0.11
1160,0.06
1161,0.43
1162,0.11
1163,0.18
1164,0.62
1165,0.88
1166,0.68
1167,1.01
1168,0.79
1169,0.85
1170,0.8
1171,0.84
1172,0.91
1173,0.98
1174,0.97
1175,1.4
1176,1.71
1177,1.25
1178,1.21
1179,1.0
1180,1.27
1181,1.45
1182,1.29
1183,1.29
1184,1.14
1185,1.19
1186,1.02
1187,1.11
1188,1.07
1189,1.23
1190,1.09
1191,1.25
1192,1.54
1193,1.44
1194,1.14
1195,0.96
1196,1.36
1197,1.05
1198,0.9
1199,0.92
1200,0.92
1201,0.81
1202,0.61
1203,0.97
1204,0.71
1205,1.0
1206,1.01
1207,0.53
1208,0.68
1209,0.63
1210,0.71
1211,0.71
1212,0.71
1213,0.71
1214,0.88
1215,0.52
1216,0.6
1217,0.72
1218,1.02
1219,0.98
1220,1.1
1221,1.24
1222,1.11
1223,0.96
1224,1.11
1225,1.06
1226,0.8
1227,0.75
1228,1.09
1229,0.92
1230,0.7
1231,0.55
1232,0.61
1233,0.66
1234,0.77
1235,0.72
1236,0.81
1237,1.19
1238,0.87
1239,0.62
1240,0.62
1241,0.66
1242,0.88
1243,0.92
1244,0.69
1245,0.79
1246,0.73
1247,0.68
1248,0.78
1249,0.84
1250,0.93
1251,0.73
1252,0.69
1253,0.57
1254,0.69
1255,0.69
1256,0.66
1257,0.55
1258,0.8
1259,0.76
1260,0.72
1261,0.93
1262,1.19
1263,1.09
1264,1.02
1265,1.18
1266,0.98
1267,0.97
1268,1.01
1269,1.04
1270,1.18
1271,1.06
1272,0.88
1273,0.71
1274,0.4
1275,0.72
1276,0.78
1277,0.7
1278,0.44
1279,0.44
1280,1.0
1281,0.74
1282,0.99
1283,0.89
1284,0.94
1285,1.26
1286,1.41
1287,1.22
1288,1.2
1289,0.96
1290,0.83
1291,1.29
1292,0.98
1293,0.99
1294,0.83
1295,0.72
1296,0.83
1297,1.04
1298,0.7
1299,0.98
1300,0.73
1301,0.89
1302,0.71
1303,0.78
1304,0.92
1305,0.84
1306,0.76
1307,0.85
1308,1.01
1309,0.87
1310,0.62
1311,0.83
1312,0.92
1313,0.9
1314,1.1
1315,1.42
1316,1.34
1317,1.21
1318,0.93
1319,1.23
1320,1.11
1321,1.26
1322,1.26
1323,0.68
1324,1.06
1325,0.82
1326,0.67
1327,0.7
1328,1.22
1329,0.88
1330,0.74
1331,0.86
1332,1.05
1333,0.93
1334,1.03
1335,1.2
1336,0.76
1337,0.31
1338,0.57
1339,0.41
1340,0.42
1341,0.28
1342,0.33
1343,0.28
1344,0.26
1345,0.32
1346,0.23
1347,0.23
1348,0.13
1349,0.22
1350,0.29
1351,0.17
1352,0.24
1353,0.09
1354,0.25
1355,0.15
1356,0.26
1357,0.21
1358,0.15
1359,0.24
1360,0.26
1361,0.64
1362,0.33
1363,0.2
1364,0.49
1365,0.35
1366,0.54
1367,0.56
1368,0.42
1369,0.3
1370,0.52
1371,1.08
1372,0.9
1373,0.8
1374,0.95
1375,0.85
1376,1.07
1377,0.77
1378,0.74
1379,1.17
1380,0.87
1381,0.88
1382,0.76
1383,0.34
1384,0.16
1385,0.4
1386,0.56
1387,0.32
1388,0.6
1389,0.67
1390,0.63
1391,0.57
1392,0.2
1393,0.63
1394,0.27
1395,0.32
1396,0.53
1397,0.2
1398,0.57
1399,0.46
1400,0.5
1401,0.54
1402,0.41
1403,0.59
1404,0.23
1405,0.31
1406,0.32
1407,0.37
1408,0.13
1409,0.04
1410,0.18
1411,0.26
1412,0.27
1413,0.28
1414,0.17
1415,0.29
1416,0.29
1417,0.61
1418,0.35
1419,0.3
1420,0.19
1421,0.18
1422,0.16
1423,0.26
1424,0.27
1425,0.47
1426,0.1
1427,0.22
1428,0.34
1429,0.37
1430,0.64
1431,0.33
1432,0.29
1433,0.45
1434,0.39
1435,0.25
1436,0.23
1437,0.16
1438,0.14
1439,0.14
1440,0.49
1441,0.48
1442,0.3
1443,0.1
1444,0.34
1445,0.34
1446,0.54
1447,0.25
1448,0.47
1449,0.46
1450,0.41
1451,0.52
1452,0.46
1453,0.26
1454,0.19
1455,0.16
1456,0.17
1457,0.1
1458,0.47
1459,0.74
1460,0.97
1461,1.02
1462,0.79
1463,0.81
1464,1.02
1465,0.63
1466,0.92
1467,0.96
1468,0.56
1469,0.85
1470,0.84
1471,0.63
1472,0.73
1473,0.69
1474,1.06
1475,0.69
1476,0.64
1477,0.73
1478,0.68
1479,0.62
1480,0.88
1481,0.46
1482,0.59
1483,0.64
1484,0.61
1485,0.51
1486,0.62
1487,0.66
1488,0.77
1489,0.96
1490,0.46
1491,0.46
1492,0.59
1493,0.89
1494,1.02
1495,1.12
1496,1.03
1497,1.11
1498,1.39
1499,1.16
1500,0.96
1501,1.44
1502,1.33
1503,0.89
1504,0.58
1505,0.45
1506,0.72
1507,0.23
1508,0.28
1509,0.54
1510,0.43
1511,0.45
1512,0.19
1513,0.5
1514,0.33
1515,0.93
1516,0.94
1517,0.34
1518,1.12
1519,0.12
1520,0.09
1521,0.22
1522,0.8
1523,0.64
1524,0.58
1525,0.37
1526,0.55
1527,0.26
1528,0.44
1529,0.43
1530,0.39
1531,0.49
1532,0.44
1533,0.53
1534,0.88
1535,0.76
1536,0.77
1537,0.88
1538,0.65
1539,0.64
1540,0.3
1541,0.16
1542,0.21
1543,0.34
1544,0.08
1545,0.07
1546,0.39
1547,0.61
1548,0.35
1549,0.65
1550,0.45
1551,1.08
1552,0.87
1553,0.43
1554,0.91
1555,1.03
1556,0.77
1557,0.49
1558,0.77
1559,0.56
1560,0.74
1561,0.73
1562,1.05
1563,1.68
1564,1.01
1565,1.04
1566,0.95
1567,0.89
1568,0.75
1569,1.05
1570,1.14
1571,1.06
1572,0.87
1573,1.01
1574,0.4
1575,0.34
1576,0.44
1577,0.67
1578,0.77
1579,0.55
1580,0.43
1581,0.42
1582,0.67
1583,0.73
1584,0.7
1585,0.5
1586,0.59
1587,0.53
1588,0.42
1589,0.5
1590,0.35
1591,0.63
1592,0.35
1593,0.17
1594,0.51
1595,0.56
1596,0.15
1597,0.23
1598,0.59
1599,0.99
1600,1.09
1601,0.6
1602,0.89
1603,0.6
1604,0.51
1605,0.38
1606,0.25
1607,0.41
1608,0.09
1609,0.11
1610,0.15
1611,0.15
1612,0.09
1613,0.11
1614,0.18
1615,0.3
1616,0.19
1617,0.32
1618,0.14
1619,0.28
1620,0.31
1621,0.15
1622,0.28
1623,0.51
1624,0.55
1625,0.6
1626,0.35
1627,0.5
1628,0.22
1629,0.17
1630,0.38
1631,0.36
1632,0.37
1633,0.3
1634,0.43
1635,0.51
1636,0.29
1637,0.5
1638,0.42
1639,0.57
1640,0.32
1641,0.08
1642,0.37
1643,0.35
1644,0.36
1645,0.71
1646,0.79
1647,0.64
1648,0.38
1649,0.45
1650,0.5
1651,0.63
1652,1.03
1653,0.67
1654,0.42
1655,0.4
1656,0.38
1657,0.5
1658,0.36
1659,0.23
1660,0.43
1661,0.28
1662,0.67
1663,0.06
1664,0.18
1665,0.12
1666,0.24
1667,0.63
1668,0.7
1669,0.44
1670,0.53
1671,0.42
1672,0.18
1673,0.13
1674,0.13
1675,0.27
1676,0.82
1677,0.98
1678,0.87
1679,1.09
1680,0.91
1681,0.95
1682,0.75
1683,1.15
1684,0.79
1685,0.94
1686,0.91
1687,1.47
1688,1.37
1689,0.95
1690,1.05
1691,0.89
1692,0.78
1693,0.6
1694,0.58
1695,0.94
1696,0.82
1697,0.93
1698,0.92
1699,0.84
1700,0.92
1701,0.8
1702,0.77
1703,1.0
1704,1.1
1705,1.1
1706,1.21
1707,1.18
1708,1.31
1709,0.7
1710,0.94
1711,0.87
1712,0.82
1713,0.96
1714,0.77
1715,0.81
1716,0.8
1717,1.39
1718,1.28
1719,1.07
1720,1.38
1721,1.17
1722,1.21
1723,1.14
1724,1.32
1725,1.2
1726,0.57
1727,1.13
1728,1.1
1729,0.85
1730,0.66
1731,0.64
1732,0.84
1733,0.58
1734,0.72
1735,0.66
1736,0.83
1737,0.62
1738,0.72
1739,1.01
1740,1.25
1741,1.07
1742,0.61
1743,0.56
1744,0.66
1745,0.71
1746,0.82
1747,0.59
1748,0.86
1749,0.94
1750,0.9
1751,0.65
1752,0.96
1753,0.83
1754,1.07
1755,0.87
1756,1.04
1757,0.89
1758,0.94
1759,0.88
1760,1.02
1761,0.84
1762,0.88
1763,1.06
1764,0.91
1765,0.97
1766,0.81
1767,1.16
1768,0.87
1769,0.62
1770,0.84
1771,0.93
1772,0.88
1773,1.02
1774,0.99
1775,1.11
1776,0.74
1777,0.87
1778,0.56
1779,0.89
1780,1.07
1781,0.88
1782,1.13
1783,1.22
1784,1.09
1785,1.07
1786,1.36
1787,1.07
1788,1.09
1789,1.23
1790,1.41
1791,0.85
1792,1.02
1793,1.1
1794,0.72
1795,0.82
1796,0.68
1797,0.6
1798,0.66
1799,0.93
1800,0.96
1801,1.27
1802,1.0
1803,0.96
1804,0.76
1805,0.64
1806,0.86
1807,0.82
1808,0.8
1809,0.8
1810,0.73
1811,0.52
1812,0.74
1813,0.58
1814,0.73
1815,0.75
1816,0.94
1817,0.9
1818,0.62
1819,0.55
1820,0.84
1821,0.78
1822,0.66
1823,0.78
1824,1.04
1825,0.87
1826,0.68
1827,1.05
1828,0.87
1829,0.53
1830,0.69
1831,0.66
1832,0.55
1833,0.59
1834,0.74
1835,0.88
1836,0.98
1837,1.17
1838,0.95
1839,1.5
1840,0.81
1841,0.88
1842,0.93
1843,0.66
1844,0.88
1845,0.91
1846,0.81
1847,0.8
1848,0.89
1849,1.05
1850,1.41
1851,1.35
1852,1.41
1853,1.19
1854,1.39
1855,0.94
1856,0.86
1857,0.93
1858,0.45
1859,0.37
1860,0.37
1861,0.3
1862,0.19
1863,0.18
1864,0.19
1865,0.12
1866,0.12
1867,0.11
1868,0.11
1869,0.0
1870,0.04
1871,0.1
1872,0.25
1873,0.31
1874,0.29
1875,0.43
1876,0.47
1877,0.09
1878,0.2
1879,0.19
1880,0.22
1881,0.21
1882,0.21
1883,0.27
1884,0.13
1885,0.19
1886,0.33
1887,0.11
1888,0.07
1889,0.05
1890,0.15
1891,0.12
1892,0.31
1893,0.18
1894,0.38
1895,0.26
1896,0.4
1897,0.2
1898,0.32
1899,0.44
1900,0.37
1901,0.55
1902,0.52
1903,0.58
1904,0.32
1905,0.07
1906,0.03
1907,0.31
1908,0.14
1909,0.32
1910,0.16
1911,0.34
1912,0.26
1913,0.21
1914,0.04
1915,0.04
1916,0.14
1917,0.15
1918,0.2
1919,0.34
1920,0.57
1921,0.38
1922,0.62
1923,0.62
1924,0.87
1925,0.62
1926,0.18
1927,0.14
1928,0.05
1929,0.26
1930,0.23
1931,0.36
1932,0.35
1933,0.28
1934,0.25
1935,0.2
1936,0.19
1937,0.15
1938,0.52
1939,0.47
1940,0.05
1941,0.16
1942,0.17
1943,0.08
1944,0.32
1945,0.27
1946,0.35
1947,0.27
1948,0.12
1949,0.31
1950,0.46
1951,0.34
1952,0.17
1953,0.14
1954,0.06
1955,0.26
1956,0.17
1957,0.3
1958,0.17
1959,0.26
1960,0.26
1961,0.24
1962,0.4
1963,0.28
1964,0.09
1965,0.11
1966,0.62
1967,0.57
1968,0.58
1969,1.03
1970,0.74
1971,0.65
1972,0.88
1973,0.58
1974,0.19
1975,0.82
1976,0.43
1977,0.32
1978,0.26
1979,0.54
1980,0.42
1981,0.64
1982,0.29
1983,0.25
1984,0.48
1985,0.41
1986,0.55
1987,0.35
1988,0.44
1989,0.14
1990,0.31
1991,0.49
1992,0.35
1993,0.23
1994,0.2
1995,0.22
1996,0.15
1997,0.42
1998,0.32
1999,0.38
2000,0.36
2001,0.17
2002,0.22
2003,0.17
2004,0.27
2005,0.62
2006,0.41
2007,0.44
2008,0.4
2009,0.2
2010,0.2
2011,0.31
2012,0.14
2013,0.45
2014,0.61
2015,0.54
2016,0.32
2017,0.21
2018,0.08
2019,0.43
2020,0.34
2021,0.63
2022,0.51
2023,0.61
2024,0.45
2025,0.4
2026,0.58
2027,0.26
2028,0.27
2029,0.28
2030,0.66
2031,0.89
2032,0.3
2033,0.29
2034,0.37
2035,0.4
2036,0.47
2037,0.3
2038,0.3
2039,0.48
2040,0.75
2041,0.47
2042,0.18
2043,0.56
2044,0.65
2045,0.33
2046,0.61
2047,0.6
2048,0.52
2049,0.46
2050,0.2
2051,0.5
2052,0.61
2053,0.89
2054,0.88
2055,0.73
2056,0.55
2057,0.48
2058,0.57
2059,0.58
2060,0.47
2061,0.47
2062,0.94
2063,0.6
2064,0.64
2065,0.52
2066,0.39
2067,0.17
2068,0.11
2069,0.19
2070,0.17
2071,0.17
2072,0.66
2073,0.69
2074,0.77
2075,0.74
2076,1.14
2077,0.67
2078,0.86
2079,0.61
2080,0.71
2081,0.52
2082,0.63
2083,0.58
2084,0.34
2085,0.22
2086,0.51
2087,0.47
2088,0.26
2089,0.47
2090,0.4
2091,0.56
2092,0.59
2093,0.71
2094,0.29
2095,0.51
2096,0.2
2097,0.2
2098,0.61
2099,0.97
2100,0.73
2101,0.47
2102,0.42
2103,0.37
2104,0.7
2105,0.76
2106,1.06
2107,1.01
2108,0.58
2109,0.46
2110,0.47
2111,0.95
2112,0.55
2113,0.98
2114,1.09
2115,0.88
2116,0.59
2117,0.42
2118,0.47
2119,0.51
2120,0.41
2121,0.35
2122,0.51
2123,0.55
2124,0.89
2125,0.73
2126,0.39
2127,0.23
2128,0.39
2129,0.45
2130,0.62
2131,0.7
2132,0.55
2133,0.63
2134,0.57
2135,0.23
2136,0.22
2137,0.07
2138,0.47
2139,0.36
2140,0.63
2141,0.38
2142,0.45
2143,0.44
2144,0.4
2145,0.69
2146,1.41
2147,0.83
2148,0.72
2149,0.53
2150,0.62
2151,0.55
2152,0.15
2153,0.27
2154,0.73
2155,0.32
2156,0.29
2157,0.08
2158,0.06
2159,0.05
2160,0.02
2161,0.23
2162,0.48
2163,0.53
2164,0.33
2165,0.5
2166,0.68
2167,0.84
2168,0.7
2169,0.72
2170,0.73
2171,0.62
2172,0.96
2173,1.14
2174,0.87
2175,0.95
2176,0.51
2177,0.74
2178,0.61
2179,0.62
2180,0.68
2181,0.74
2182,0.67
2183,0.74
2184,1.05
2185,0.79
2186,1.0
2187,0.71
2188,0.86
2189,1.16
2190,1.26
2191,0.97
2192,0.93
2193,0.94
2194,0.83
2195,0.81
2196,0.76
2197,0.68
2198,0.53
2199,0.61
2200,0.67
2201,1.27
2202,1.25
2203,1.18
2204,0.66
2205,0.73
2206,0.72
2207,0.77
2208,0.71
2209,0.49
2210,0.56
2211,0.73
2212,0.63
2213,0.49
2214,0.8
2215,0.34
2216,0.29
2217,0.13
2218,0.59
2219,0.69
2220,1.05
2221,0.5
2222,0.66
2223,0.27
2224,0.1
2225,0.11
2226,0.08
2227,0.08
2228,0.4
2229,0.19
2230,0.02
2231,0.26
2232,0.25
2233,0.67
2234,0.54
2235,0.52
2236,0.08
2237,0.78
2238,0.57
2239,1.03
2240,0.78
2241,0.97
2242,0.86
2243,0.59
2244,0.67
2245,0.11
2246,0.28
2247,0.16
2248,0.0
2249,0.13
2250,0.22
2251,0.26
2252,0.23
2253,0.27
2254,0.56
2255,0.55
2256,0.42
2257,0.38
2258,0.84
2259,0.52
2260,0.45
2261,0.49
2262,0.51
2263,0.65
2264,0.28
2265,0.13
2266,0.37
2267,0.18
2268,0.08
2269,0.06
2270,0.17
2271,0.2
2272,0.12
2273,0.06
2274,0.11
2275,0.16
2276,0.08
2277,0.05
2278,0.06
2279,0.07
2280,0.55
2281,0.39
2282,0.7
2283,0.45
2284,0.42
2285,0.36
2286,0.34
2287,0.24
2288,0.65
2289,0.41
2290,0.32
2291,0.3
2292,0.65
2293,0.56
2294,0.71
2295,1.11
2296,0.54
2297,0.47
2298,0.61
2299,0.5
2300,0.42
2301,0.25
2302,0.23
2303,0.26
2304,0.42
2305,0.15
2306,0.25
2307,0.28
2308,0.13
2309,0.54
2310,0.46
2311,0.24
2312,0.18
2313,0.24
2314,0.35
2315,0.24
2316,0.48
2317,0.37
2318,0.11
2319,0.26
2320,0.09
2321,0.04
2322,0.05
2323,0.04
2324,0.12
2325,0.1
2326,0.24
2327,0.11
2328,0.14
2329,0.21
2330,0.07
2331,0.55
2332,0.07
2333,0.11
2334,0.14
2335,0.22
2336,0.4
2337,0.62
2338,0.66
2339,0.58
2340,0.29
2341,0.36
2342,0.39
2343,0.75
2344,0.7
2345,0.51
2346,0.46
2347,0.38
2348,0.35
2349,0.35
2350,0.64
2351,0.58
2352,0.21
2353,0.31
2354,0.33
2355,0.24
2356,0.15
2357,0.15
2358,0.15
2359,0.33
2360,0.24
2361,0.49
2362,0.47
2363,0.31
2364,0.2
2365,0.17
2366,0.21
2367,0.28
2368,0.07
2369,0.12
2370,0.07
2371,0.16
2372,0.08
2373,0.38
2374,0.38
2375,0.79
2376,0.55
2377,0.37
2378,0.56
2379,0.79
2380,0.62
2381,0.61
2382,0.66
2383,0.74
2384,0.52
2385,0.89
2386,0.5
2387,0.64
2388,0.79
2389,0.5
2390,0.76
2391,0.43
2392,0.14
2393,0.21
2394,0.29
2395,0.78
2396,0.33
2397,1.14
2398,0.69
2399,0.61
2400,0.62
2401,0.48
2402,0.48
2403,0.26
2404,0.18
2405,0.39
2406,0.4
2407,0.4
2408,0.37
2409,0.41
2410,0.22
2411,0.15
2412,0.2
2413,0.07
2414,0.16
2415,0.12
2416,0.19
2417,0.31
2418,0.17
2419,0.1
2420,0.2
2421,0.18
2422,0.19
2423,0.48
2424,0.08
2425,0.29
2426,0.35
2427,0.46
2428,0.7
2429,0.5
2430,0.55
2431,0.34
2432,0.71
2433,0.19
2434,0.46
2435,0.49
2436,0.72
2437,0.21
2438,0.33
2439,0.22
2440,0.11
2441,0.38
2442,0.81
2443,0.57
2444,0.29
2445,0.14
2446,0.21
2447,0.19
2448,0.27
2449,0.29
2450,0.26
2451,0.13
2452,0.1
2453,0.06
2454,0.18
2455,0.14
2456,0.48
2457,0.21
2458,0.47
2459,0.27
2460,0.24
2461,0.16
2462,0.33
2463,0.15
2464,0.18
2465,0.36
2466,0.11
2467,0.14
2468,0.17
2469,0.07
2470,0.25
2471,0.54
2472,0.48
2473,0.76
2474,0.14
2475,0.34
2476,0.04
2477,0.38
2478,0.42
2479,0.24
2480,0.63
2481,0.44
2482,0.49
2483,0.44
2484,0.4
2485,0.36
2486,0.37
2487,0.56
2488,0.39
2489,0.41
2490,0.79
2491,0.76
2492,0.68
2493,0.8
2494,0.92
2495,0.75
2496,0.61
2497,0.47
2498,0.34
2499,0.35
2500,0.38
